{"cameraMode":{"drawMode":0,"name":"Shaded","section":"Shading Mode"},"sceneLighting":true,"audioPlay":false,"sceneViewState":{"showFog":true,"showMaterialUpdate":false,"showSkybox":true,"showFlares":true,"showImageEffects":true,"showParticleSystems":true,"showVisualEffectGraphs":true,"m_FxEnabled":true},"in2DMode":false,"pivot":{"x":-2.851630210876465,"y":-30.34380340576172,"z":65.4891357421875},"rotation":{"x":-0.24087227880954743,"y":0.023032382130622865,"z":-0.0057876696810126308,"w":-0.9703686237335205},"size":41.134498596191409,"orthographic":false}