{"cameraMode":{"drawMode":0,"name":"Shaded","section":"Shading Mode"},"sceneLighting":true,"audioPlay":false,"sceneViewState":{"showFog":true,"showMaterialUpdate":false,"showSkybox":true,"showFlares":true,"showImageEffects":true,"showParticleSystems":true,"showVisualEffectGraphs":true,"m_FxEnabled":true},"in2DMode":false,"pivot":{"x":0.31845659017562868,"y":1.321675181388855,"z":17.053377151489259},"rotation":{"x":0.01318691112101078,"y":-0.01073466893285513,"z":-0.00030162438633851707,"w":-0.9999827742576599},"size":1.5022923946380616,"orthographic":false}